{
  "top1_acc": 0.875688484693224,
  "top5_acc": 0.9727808377097477,
  "balanced_acc": 0.8536859592648669,
  "macro_f1": 0.8482717541262089
}