{
  "model": "ViT-B-32-quickgelu/openai",
  "type": "attr_only",
  "splits": {
    "val": {
      "top1": 0.20043545081967212,
      "top5": 0.37640881147540983,
      "balanced_acc": 0.12134176499844446,
      "macro_f1": 0.08757796567096965
    },
    "test": {
      "top1": 0.19706673498142693,
      "top5": 0.3733828615345203,
      "balanced_acc": 0.12023011332013842,
      "macro_f1": 0.0846934559517275
    }
  }
}