{
  "model": "ViT-B-32-quickgelu/openai",
  "type": "enriched",
  "splits": {
    "val": {
      "top1": 0.19992315573770492,
      "top5": 0.37083760245901637,
      "balanced_acc": 0.1138060991990886,
      "macro_f1": 0.0807195162613175
    }
  }
}