{
  "model": "ViT-B-32-quickgelu/laion400m_e32",
  "type": "enriched",
  "splits": {
    "val": {
      "top1": 0.01210297131147541,
      "top5": 0.05186987704918033,
      "balanced_acc": 0.005311986785247804,
      "macro_f1": 0.0007296007572826442
    },
    "test": {
      "top1": 0.013449468425771743,
      "top5": 0.05142820545664147,
      "balanced_acc": 0.005388082659830013,
      "macro_f1": 0.0012652484199721465
    }
  }
}