{
  "model": "ViT-B-32-quickgelu/openai",
  "type": "attr_only",
  "splits": {
    "val": {
      "top1": 0.1713627049180328,
      "top5": 0.3364497950819672,
      "balanced_acc": 0.1099411733144931,
      "macro_f1": 0.08339154124956347
    }
  }
}