{
  "model": "ViT-B-32-quickgelu/openai",
  "type": "plain",
  "splits": {
    "val": {
      "top1": 0.20133196721311475,
      "top5": 0.37762551229508196,
      "balanced_acc": 0.12202452463409516,
      "macro_f1": 0.08769651200341039
    },
    "test": {
      "top1": 0.19783527603432816,
      "top5": 0.37517612399128986,
      "balanced_acc": 0.1211177852314524,
      "macro_f1": 0.08473140788117679
    }
  }
}