{
  "model": "ViT-B-32-quickgelu/openai",
  "type": "plain",
  "splits": {
    "val": {
      "top1": 0.20133196721311475,
      "top5": 0.37762551229508196,
      "balanced_acc": 0.12202452463409516,
      "macro_f1": 0.08769651200341039
    }
  }
}