{
  "model": "ViT-B-32-quickgelu/laion400m_e32",
  "type": "plain",
  "splits": {
    "val": {
      "top1": 0.015304815573770492,
      "top5": 0.05347079918032787,
      "balanced_acc": 0.0060338872597059745,
      "macro_f1": 0.0012502831633789196
    },
    "test": {
      "top1": 0.01575509158447547,
      "top5": 0.05463045984372999,
      "balanced_acc": 0.007176820722967656,
      "macro_f1": 0.00204769141944391
    }
  }
}