{
  "model": "ViT-B-32-quickgelu/openai",
  "type": "enriched",
  "splits": {
    "val": {
      "top1": 0.2067751024590164,
      "top5": 0.38114754098360654,
      "balanced_acc": 0.1168922588725596,
      "macro_f1": 0.08476903379785238
    },
    "test": {
      "top1": 0.20270270270270271,
      "top5": 0.37850646855386194,
      "balanced_acc": 0.11357026676331844,
      "macro_f1": 0.08311599414163144
    }
  }
}