{
  "T_clip": 1.0,
  "T_res": 1.0,
  "best_alpha": 0.1,
  "val": {
    "0.0": {
      "top1_acc": 0.215,
      "top5_acc": 0.42,
      "balanced_acc": 0.13916071428571428,
      "macro_f1": 0.09325074203122984
    },
    "0.1": {
      "top1_acc": 0.61,
      "top5_acc": 0.85,
      "balanced_acc": 0.522420634920635,
      "macro_f1": 0.40709196136367
    },
    "0.2": {
      "top1_acc": 0.61,
      "top5_acc": 0.85,
      "balanced_acc": 0.522420634920635,
      "macro_f1": 0.40709196136367
    },
    "0.3": {
      "top1_acc": 0.61,
      "top5_acc": 0.85,
      "balanced_acc": 0.522420634920635,
      "macro_f1": 0.40709196136367
    },
    "0.4": {
      "top1_acc": 0.61,
      "top5_acc": 0.85,
      "balanced_acc": 0.522420634920635,
      "macro_f1": 0.40709196136367
    },
    "0.5": {
      "top1_acc": 0.61,
      "top5_acc": 0.85,
      "balanced_acc": 0.522420634920635,
      "macro_f1": 0.40709196136367
    },
    "0.6": {
      "top1_acc": 0.61,
      "top5_acc": 0.85,
      "balanced_acc": 0.522420634920635,
      "macro_f1": 0.40709196136367
    },
    "0.7": {
      "top1_acc": 0.61,
      "top5_acc": 0.85,
      "balanced_acc": 0.522420634920635,
      "macro_f1": 0.40709196136367
    },
    "0.8": {
      "top1_acc": 0.61,
      "top5_acc": 0.85,
      "balanced_acc": 0.522420634920635,
      "macro_f1": 0.40709196136367
    },
    "0.9": {
      "top1_acc": 0.61,
      "top5_acc": 0.85,
      "balanced_acc": 0.522420634920635,
      "macro_f1": 0.40709196136367
    },
    "1.0": {
      "top1_acc": 0.61,
      "top5_acc": 0.85,
      "balanced_acc": 0.522420634920635,
      "macro_f1": 0.40709196136367
    }
  },
  "test": {
    "top1_acc": 0.5941462789804022,
    "top5_acc": 0.8682592545151787,
    "balanced_acc": 0.5563213532639822,
    "macro_f1": 0.5266019838919257
  }
}