{
  "num_eval": 200,
  "num_labels": 90,
  "top1": 0.265,
  "top5": 0.535,
  "balanced": 0.18756613756613755,
  "macro_f1": 0.126830112516387
}