{
  "val": {
    "top1": 0.9593365778688525,
    "top5": 0.9966700819672131,
    "balanced_acc": 0.9603376303153335,
    "macro_f1": 0.9535122583138258
  },
  "test": {
    "top1": 0.9583706929678494,
    "top5": 0.9971820161393621,
    "balanced_acc": 0.9625169159448551,
    "macro_f1": 0.9549246419088594
  }
}