{
  "val": {
    "top1": 0.7852202868852459,
    "top5": 0.9494108606557377,
    "balanced_acc": 0.7673802077553549,
    "macro_f1": 0.745159294124485
  },
  "test": {
    "top1": 0.7807736646599206,
    "top5": 0.9479953887536826,
    "balanced_acc": 0.7675720539524566,
    "macro_f1": 0.7442192472748912
  }
}