{
  "val": {
    "top1_acc": 0.51,
    "top5_acc": 0.76,
    "balanced_acc": 0.4088928571428571,
    "macro_f1": 0.3092362121079666
  },
  "test": {
    "top1_acc": 0.465,
    "top5_acc": 0.783,
    "balanced_acc": 0.44010076209403,
    "macro_f1": 0.39474183872461216
  },
  "train_limit": 5000,
  "val_n": 200,
  "test_n": 2000
}