{
  "top1_acc": 0.8884334571538363,
  "top5_acc": 0.9734853336749071,
  "balanced_acc": 0.8685169520840257,
  "macro_f1": 0.863645217160538
}