{
  "n_samples": 500,
  "clip": {
    "top1_acc": 0.118,
    "top5_acc": 0.312,
    "balanced_acc": 0.131656746031746,
    "macro_f1": 0.07711563504246431
  },
  "resnet": {
    "top1_acc": 0.004,
    "top5_acc": 0.022,
    "balanced_acc": 0.00625,
    "macro_f1": 4.9800796812749006e-05
  }
}