shots,val_top1,val_top5,val_balanced,val_macro_f1
1,0.125,0.29,0.11233333333333334,0.07742857142857142
2,0.16,0.455,0.17965079365079364,0.11270278982211485
5,0.355,0.615,0.2874880952380952,0.22040848936010227
10,0.425,0.73,0.33278174603174604,0.260781507502819
