shots,top1_acc,top5_acc,balanced_acc,macro_f1
1,0.8535288843345715,0.9301908543614704,0.8072114520680849,0.8111394335234261
2,0.8551940566158576,0.9366594082233892,0.807589540671566,0.8124929689063141
5,0.8563468681952094,0.9478032534904572,0.8098618821157133,0.8144287918097359
10,0.8559625976687588,0.9518380940181888,0.8096606880055905,0.814079256572629
