shot,resnet_top1,resnet_top5,resnet_balanced,resnet_f1,clip_top1,clip_top5,clip_balanced,clip_f1,lr_top1,lr_top5,lr_balanced,lr_f1
0,0.8550019213526322,0.966824644549763,0.8067433434405151,0.8142221274099238,0.465,0.783,0.44010076209403,0.39474183872461216,0.855065966440374,0.9368515434866146,0.8067106545732153,0.8143069184562489
1,0.8550019213526322,0.966824644549763,0.8067433434405151,0.8142221274099238,0.8535288843345715,0.9301908543614704,0.8072114520680849,0.8111394335234261,0.8551300115281157,0.9380043550659665,0.8067448578088414,0.8143852647126759
2,0.8550019213526322,0.966824644549763,0.8067433434405151,0.8142221274099238,0.8551940566158576,0.9366594082233892,0.807589540671566,0.8124929689063141,0.8551300115281157,0.9376200845395158,0.8067448578088414,0.8143317283274235
5,0.8550019213526322,0.966824644549763,0.8067433434405151,0.8142221274099238,0.8563468681952094,0.9478032534904572,0.8098618821157133,0.8144287918097359,0.8551300115281157,0.9376841296272576,0.8067448578088414,0.8143317283274235
10,0.8550019213526322,0.966824644549763,0.8067433434405151,0.8142221274099238,0.8559625976687588,0.9518380940181888,0.8096606880055905,0.814079256572629,0.8551300115281157,0.9376841296272576,0.8067448578088414,0.8143317283274235
