{
  "train_loss": [
    3.8372264982355206,
    2.5944648816789497,
    1.8928206335530746,
    1.4527806270795223,
    1.1512260818841633,
    0.9230599506837142,
    0.7444893053190452,
    0.6068493695106327,
    0.49885515943469416,
    0.41180644313356785
  ],
  "train_acc": [
    0.15369959880557643,
    0.35998803133835283,
    0.5088604734949103,
    0.6105910442657287,
    0.6853554875703006,
    0.7456079286276952,
    0.7945237266504235,
    0.83217005269875,
    0.8631664437808758,
    0.887638082327294
  ],
  "val_loss": [
    3.5658128451327324,
    3.284377009343874,
    2.421311796852574,
    2.2223106376504327,
    1.8607721741659513,
    1.7442254204735677,
    1.4557076838325218,
    1.4301080938862156,
    1.3176645120766395,
    1.3576328581157342
  ],
  "val_acc": [
    0.233669799280659,
    0.3065320802877364,
    0.4850330664810303,
    0.5496577329156515,
    0.6321499013806706,
    0.6787910430444367,
    0.7526975287156282,
    0.7763661677688827,
    0.8002668523030514,
    0.8053138415129365
  ]
}