{
  "stacked": {
    "top1_acc": 0.002369668246445498,
    "top5_acc": 0.013065197899321122,
    "balanced_acc": 0.006153846153846154,
    "macro_f1": 7.130917967168635e-05
  },
  "best_alpha": {
    "alpha": 0.1,
    "metrics": {
      "top1_acc": 0.594210324068144,
      "top5_acc": 0.8685154348661458,
      "balanced_acc": 0.5563288718913816,
      "macro_f1": 0.526648617389441
    }
  },
  "labels_count": 169,
  "val_size": 200,
  "test_size": 15614
}