{
  "val": {
    "0.0": {
      "top1_acc": 0.125,
      "top5_acc": 0.29,
      "balanced_acc": 0.11233333333333334,
      "macro_f1": 0.07742857142857142
    },
    "0.1": {
      "top1_acc": 0.16,
      "top5_acc": 0.855,
      "balanced_acc": 0.14872222222222223,
      "macro_f1": 0.10143773412024686
    },
    "0.2": {
      "top1_acc": 0.305,
      "top5_acc": 0.865,
      "balanced_acc": 0.29098214285714286,
      "macro_f1": 0.21645908736072667
    },
    "0.3": {
      "top1_acc": 0.535,
      "top5_acc": 0.87,
      "balanced_acc": 0.517422619047619,
      "macro_f1": 0.4040327242007914
    },
    "0.4": {
      "top1_acc": 0.69,
      "top5_acc": 0.885,
      "balanced_acc": 0.6712103174603175,
      "macro_f1": 0.5669016332733148
    },
    "0.5": {
      "top1_acc": 0.835,
      "top5_acc": 0.895,
      "balanced_acc": 0.7716666666666666,
      "macro_f1": 0.6933181016514349
    },
    "0.6": {
      "top1_acc": 0.85,
      "top5_acc": 0.895,
      "balanced_acc": 0.7916666666666665,
      "macro_f1": 0.7209815107011368
    },
    "0.7": {
      "top1_acc": 0.85,
      "top5_acc": 0.895,
      "balanced_acc": 0.7916666666666665,
      "macro_f1": 0.7158489658489657
    },
    "0.8": {
      "top1_acc": 0.85,
      "top5_acc": 0.9,
      "balanced_acc": 0.7916666666666665,
      "macro_f1": 0.7158489658489657
    },
    "0.9": {
      "top1_acc": 0.85,
      "top5_acc": 0.925,
      "balanced_acc": 0.7916666666666665,
      "macro_f1": 0.7158489658489657
    },
    "1.0": {
      "top1_acc": 0.85,
      "top5_acc": 0.955,
      "balanced_acc": 0.7916666666666665,
      "macro_f1": 0.7158489658489657
    }
  },
  "test": {},
  "shots": 1,
  "train_limit": 5000,
  "val_n": 200,
  "test_n": 15614,
  "best_alpha": {
    "alpha": 0.6,
    "metrics": {
      "top1_acc": 0.8535288843345715,
      "top5_acc": 0.9301908543614704,
      "balanced_acc": 0.8072114520680849,
      "macro_f1": 0.8111394335234261
    }
  },
  "labels_count": 169,
  "labels": [
    "Agaricus augustus",
    "Agaricus xanthodermus",
    "Amanita amerirubescens",
    "Amanita augusta",
    "Amanita brunnescens",
    "Amanita calyptroderma",
    "Amanita citrina",
    "Amanita flavoconia",
    "Amanita muscaria",
    "Amanita pantherina",
    "Amanita persicina",
    "Amanita phalloides",
    "Amanita rubescens",
    "Amanita velosa",
    "Apioperdon pyriforme",
    "Armillaria borealis",
    "Armillaria mellea",
    "Armillaria tabescens",
    "Artomyces pyxidatus",
    "Bjerkandera adusta",
    "Bolbitius titubans",
    "Boletus edulis",
    "Boletus pallidus",
    "Boletus reticulatus",
    "Boletus rex-veris",
    "Calocera viscosa",
    "Calycina citrina",
    "Cantharellus californicus",
    "Cantharellus cibarius",
    "Cantharellus cinnabarinus",
    "Cerioporus squamosus",
    "Cetraria islandica",
    "Chlorociboria aeruginascens",
    "Chlorophyllum brunneum",
    "Chlorophyllum molybdites",
    "Chondrostereum purpureum",
    "Cladonia fimbriata",
    "Cladonia rangiferina",
    "Cladonia stellaris",
    "Clitocybe nebularis",
    "Clitocybe nuda",
    "Coltricia perennis",
    "Coprinellus disseminatus",
    "Coprinellus micaceus",
    "Coprinopsis atramentaria",
    "Coprinopsis lagopus",
    "Coprinus comatus",
    "Crucibulum laeve",
    "Cryptoporus volvatus",
    "Daedaleopsis confragosa",
    "Daedaleopsis tricolor",
    "Entoloma abortivum",
    "Evernia mesomorpha",
    "Evernia prunastri",
    "Flammulina velutipes",
    "Fomes fomentarius",
    "Fomitopsis betulina",
    "Fomitopsis mounceae",
    "Fomitopsis pinicola",
    "Galerina marginata",
    "Ganoderma applanatum",
    "Ganoderma curtisii",
    "Ganoderma oregonense",
    "Ganoderma tsugae",
    "Gliophorus psittacinus",
    "Gloeophyllum sepiarium",
    "Graphis scripta",
    "Grifola frondosa",
    "Gymnopilus luteofolius",
    "Gyromitra esculenta",
    "Gyromitra gigas",
    "Gyromitra infula",
    "Hericium coralloides",
    "Hericium erinaceus",
    "Hygrophoropsis aurantiaca",
    "Hypholoma fasciculare",
    "Hypholoma lateritium",
    "Hypogymnia physodes",
    "Hypomyces lactifluorum",
    "Imleria badia",
    "Inonotus obliquus",
    "Ischnoderma resinosum",
    "Kuehneromyces mutabilis",
    "Laccaria ochropurpurea",
    "Lactarius deliciosus",
    "Lactarius torminosus",
    "Lactarius turpis",
    "Laetiporus sulphureus",
    "Leccinum albostipitatum",
    "Leccinum aurantiacum",
    "Leccinum scabrum",
    "Leccinum versipelle",
    "Lepista nuda",
    "Leratiomyces ceres",
    "Leucoagaricus americanus",
    "Leucoagaricus leucothites",
    "Lobaria pulmonaria",
    "Lycogala epidendrum",
    "Lycoperdon perlatum",
    "Lycoperdon pyriforme",
    "Macrolepiota procera",
    "Merulius tremellosus",
    "Mutinus ravenelii",
    "Mycena haematopus",
    "Mycena leaiana",
    "Nectria cinnabarina",
    "Omphalotus illudens",
    "Omphalotus olivascens",
    "Panaeolus papilionaceus",
    "Panellus stipticus",
    "Parmelia sulcata",
    "Paxillus involutus",
    "Peltigera aphthosa",
    "Peltigera praetextata",
    "Phaeolus schweinitzii",
    "Phaeophyscia orbicularis",
    "Phallus impudicus",
    "Phellinus igniarius",
    "Phellinus tremulae",
    "Phlebia radiata",
    "Phlebia tremellosa",
    "Pholiota aurivella",
    "Pholiota squarrosa",
    "Phyllotopsis nidulans",
    "Physcia adscendens",
    "Platismatia glauca",
    "Pleurotus ostreatus",
    "Pleurotus pulmonarius",
    "Psathyrella candolleana",
    "Pseudevernia furfuracea",
    "Pseudohydnum gelatinosum",
    "Psilocybe azurescens",
    "Psilocybe caerulescens",
    "Psilocybe cubensis",
    "Psilocybe cyanescens",
    "Psilocybe ovoideocystidiata",
    "Psilocybe pelliculosa",
    "Retiboletus ornatipes",
    "Rhytisma acerinum",
    "Sarcomyxa serotina",
    "Sarcoscypha austriaca",
    "Sarcosoma globosum",
    "Schizophyllum commune",
    "Stereum hirsutum",
    "Stereum ostrea",
    "Stropharia aeruginosa",
    "Stropharia ambigua",
    "Suillus americanus",
    "Suillus granulatus",
    "Suillus grevillei",
    "Suillus luteus",
    "Suillus spraguei",
    "Tapinella atrotomentosa",
    "Trametes betulina",
    "Trametes gibbosa",
    "Trametes hirsuta",
    "Trametes ochracea",
    "Trametes versicolor",
    "Tremella mesenterica",
    "Trichaptum biforme",
    "Tricholoma murrillianum",
    "Tricholomopsis rutilans",
    "Tylopilus felleus",
    "Tylopilus rubrobrunneus",
    "Urnula craterium",
    "Verpa bohemica",
    "Volvopluteus gloiocephalus",
    "Vulpicida pinastri",
    "Xanthoria parietina"
  ]
}