{
  "stacked": {
    "top1_acc": 0.8551300115281157,
    "top5_acc": 0.9376841296272576,
    "balanced_acc": 0.8067448578088414,
    "macro_f1": 0.8143317283274235
  },
  "best_alpha": {
    "alpha": 1.0,
    "metrics": {
      "top1_acc": 0.8550019213526322,
      "top5_acc": 0.966824644549763,
      "balanced_acc": 0.8067433434405151,
      "macro_f1": 0.8142221274099238
    }
  },
  "labels_count": 169,
  "val_size": 200,
  "test_size": 15614
}