{
  "stacked": {
    "top1_acc": 0.855065966440374,
    "top5_acc": 0.9368515434866146,
    "balanced_acc": 0.8067106545732153,
    "macro_f1": 0.8143069184562489
  },
  "best_alpha": {
    "alpha": 1.0,
    "metrics": {
      "top1_acc": 0.8550019213526322,
      "top5_acc": 0.966824644549763,
      "balanced_acc": 0.8067433434405151,
      "macro_f1": 0.8142221274099238
    }
  },
  "labels_count": 169,
  "val_size": 200,
  "test_size": 15614
}