split,model,top1,top5,balanced_acc,macro_f1
test,random,0.0071730498270782634,0.029585798816568046,0.0069129044540821106,0.00582288314694991
test,majority,0.0032662994748302804,0.01556295632125016,0.005917159763313609,3.852858575537748e-05
test,zero-shot-plain,0.19783527603432816,0.37517612399128986,0.1211177852314524,0.08473140788117679
test,zero-shot-attr,0.19706673498142693,0.3733828615345203,0.12023011332013842,0.0846934559517275
test,zero-shot-enriched,0.1975790956833611,0.36646599205840913,0.1125380959265624,0.079918977947592
