split,model,top1,top5,balanced_acc,macro_f1
val,random,0.0060835040983606556,0.029585798816568046,0.006312744651369523,0.005317202399112636
val,majority,0.003201844262295082,0.015496926229508197,0.005917159763313609,3.7770712136560766e-05
val,zero-shot-plain,0.015304815573770492,0.05347079918032787,0.0060338872597059745,0.0012502831633789196
val,zero-shot-enriched,0.01210297131147541,0.05186987704918033,0.005311986785247804,0.0007296007572826442
test,random,0.0071730498270782634,0.029585798816568046,0.0069129044540821106,0.00582288314694991
test,majority,0.0032662994748302804,0.01556295632125016,0.005917159763313609,3.852858575537748e-05
test,zero-shot-plain,0.01575509158447547,0.05463045984372999,0.007176820722967656,0.00204769141944391
test,zero-shot-enriched,0.013449468425771743,0.05142820545664147,0.005388082659830013,0.0012652484199721465
